{"v":"5.5.9","fr":60,"ip":0,"op":65,"w":512,"h":512,"nm":"bluetooth","ddd":0,"assets":[],"layers":[{"ddd":0,"ind":1,"ty":4,"nm":"ÃÂÃÂÃÂ¸ÃÂ²ÃÂÃÂµ bluetooth","sr":1,"ks":{"o":{"a":0,"k":100,"ix":11},"r":{"a":0,"k":0,"ix":10},"p":{"a":0,"k":[256,256,0],"ix":2},"a":{"a":0,"k":[512,512,0],"ix":1},"s":{"a":0,"k":[19.531,22.656,100],"ix":6}},"ao":0,"shapes":[{"ty":"gr","it":[{"ind":0,"ty":"sh","ix":1,"ks":{"a":0,"k":{"i":[[0,0],[0,0],[0,0]],"o":[[0,0],[0,0],[0,0]],"v":[[18.917,368.165],[18.917,85.117],[237.721,226.641]],"c":true},"ix":2},"nm":"ÃÂÃÂ¾ÃÂ½ÃÂÃÂÃÂ 1","mn":"ADBE Vector Shape - Group","hd":false},{"ind":1,"ty":"sh","ix":2,"ks":{"a":0,"k":{"i":[[0,0],[0,0],[0,0]],"o":[[0,0],[0,0],[0,0]],"v":[[18.917,-365.722],[237.717,-224.197],[18.917,-82.673]],"c":true},"ix":2},"nm":"ÃÂÃÂ¾ÃÂ½ÃÂÃÂÃÂ 2","mn":"ADBE Vector Shape - Group","hd":false},{"ind":2,"ty":"sh","ix":3,"ks":{"a":0,"k":{"i":[[13.005,8.408],[0,0],[0,0],[0,15.487],[13.009,8.408],[0,0],[14.685,-7.998],[0,-16.717],[0,0],[0,0],[15.501,-19.882],[-19.887,-15.496],[0,0],[0,0],[-15.5,-19.882],[-13.588,0],[-8.336,6.5],[0,0],[0,0],[-14.689,-7.988],[-7.49,0],[-7.521,4.868],[0,0],[0,15.487]],"o":[[0,0],[0,0],[13.009,-8.407],[0,-15.487],[0,0],[-14.043,-9.086],[-14.689,7.989],[0,0],[0,0],[-19.878,-15.505],[-15.5,19.892],[0,0],[0,0],[-19.887,15.496],[9.001,11.547],[9.812,0],[0,0],[0,0],[0,16.717],[6.816,3.71],[8.648,0],[0,0],[13.004,-8.409],[0,-15.488]],"v":[[346.567,188.311],[57.319,1.217],[346.563,-185.868],[367.422,-224.197],[346.563,-262.527],[-1.941,-487.941],[-48.55,-489.707],[-72.383,-449.613],[-72.383,-92.243],[-287.856,-260.201],[-351.922,-252.266],[-343.982,-188.194],[-100.985,1.217],[-343.982,190.639],[-351.922,254.708],[-315.888,272.291],[-287.856,262.645],[-72.383,94.681],[-72.383,452.056],[-48.55,492.15],[-26.737,497.705],[-1.941,490.386],[346.563,264.971],[367.422,226.641]],"c":true},"ix":2},"nm":"ÃÂÃÂ¾ÃÂ½ÃÂÃÂÃÂ 3","mn":"ADBE Vector Shape - Group","hd":false},{"ty":"mm","mm":1,"nm":"ÃÂÃÂ±ÃÂÃÂµÃÂ´ÃÂ¸ÃÂ½ÃÂ¸ÃÂÃÂ ÃÂºÃÂ¾ÃÂ½ÃÂÃÂÃÂÃÂ 1","mn":"ADBE Vector Filter - Merge","hd":false},{"ty":"st","c":{"a":0,"k":[0.136999990426,0.122000002394,0.125,1],"ix":3},"o":{"a":0,"k":100,"ix":4},"w":{"a":0,"k":2,"ix":5},"lc":2,"lj":2,"bm":0,"nm":"ÃÂÃÂ±ÃÂ²ÃÂ¾ÃÂ´ÃÂºÃÂ° 1","mn":"ADBE Vector Graphic - Stroke","hd":false},{"ty":"tr","p":{"a":0,"k":[509.074,510.779],"ix":2},"a":{"a":0,"k":[0,0],"ix":1},"s":{"a":1,"k":[{"i":{"x":[0.833,0.833],"y":[0.833,0.833]},"o":{"x":[0.167,0.167],"y":[0.167,0.167]},"t":0,"s":[80,80]},{"i":{"x":[0.833,0.833],"y":[0.833,0.833]},"o":{"x":[0.167,0.167],"y":[0.167,0.167]},"t":30,"s":[100,100]},{"t":59,"s":[80,80]}],"ix":3},"r":{"a":0,"k":0,"ix":6},"o":{"a":0,"k":100,"ix":7},"sk":{"a":0,"k":0,"ix":4},"sa":{"a":0,"k":0,"ix":5},"nm":"ÃÂÃÂÃÂµÃÂ¾ÃÂ±ÃÂÃÂ°ÃÂ·ÃÂ¾ÃÂ²ÃÂ°ÃÂÃÂ"}],"nm":"ÃÂÃÂÃÂÃÂ¿ÃÂ¿ÃÂ° 1","np":5,"cix":2,"bm":0,"ix":1,"mn":"ADBE Vector Group","hd":false},{"ty":"fl","c":{"a":0,"k":[0.286274522543,0.427450984716,0.858823537827,1],"ix":4},"o":{"a":0,"k":100,"ix":5},"r":1,"bm":0,"nm":"ÃÂÃÂ°ÃÂ»ÃÂ¸ÃÂ²ÃÂºÃÂ° 1","mn":"ADBE Vector Graphic - Fill","hd":false}],"ip":0,"op":65,"st":0,"bm":0},{"ddd":0,"ind":2,"ty":4,"nm":"Wave 2","sr":1,"ks":{"o":{"a":0,"k":100,"ix":11},"r":{"a":0,"k":0,"ix":10},"p":{"a":0,"k":[256,256,0],"ix":2},"a":{"a":0,"k":[0,0,0],"ix":1},"s":{"a":0,"k":[100,100,100],"ix":6}},"ao":0,"shapes":[{"d":1,"ty":"el","s":{"a":1,"k":[{"i":{"x":[0.833,0.833],"y":[0.833,0.833]},"o":{"x":[0.167,0.167],"y":[0.167,0.167]},"t":0,"s":[288,288]},{"t":50,"s":[505,505]}],"ix":2},"p":{"a":0,"k":[0,0],"ix":3},"nm":"ÃÂÃÂ¾ÃÂ½ÃÂÃÂÃÂ ÃÂÃÂ»ÃÂ»ÃÂ¸ÃÂ¿ÃÂÃÂ° 1","mn":"ADBE Vector Shape - Ellipse","hd":false},{"ty":"st","c":{"a":0,"k":[0.286274522543,0.427450984716,0.858823537827,1],"ix":3},"o":{"a":1,"k":[{"i":{"x":[0.833],"y":[0.833]},"o":{"x":[0.167],"y":[0.167]},"t":0,"s":[100]},{"i":{"x":[0.833],"y":[0.833]},"o":{"x":[0.167],"y":[0.167]},"t":30,"s":[80]},{"t":50,"s":[0]}],"ix":4},"w":{"a":0,"k":13,"ix":5},"lc":1,"lj":1,"ml":4,"bm":0,"nm":"ÃÂÃÂ±ÃÂ²ÃÂ¾ÃÂ´ÃÂºÃÂ° 1","mn":"ADBE Vector Graphic - Stroke","hd":false}],"ip":0,"op":60,"st":0,"bm":0},{"ddd":0,"ind":3,"ty":4,"nm":"Wave 1","sr":1,"ks":{"o":{"a":0,"k":100,"ix":11},"r":{"a":0,"k":0,"ix":10},"p":{"a":0,"k":[256,256,0],"ix":2},"a":{"a":0,"k":[0,0,0],"ix":1},"s":{"a":0,"k":[100,100,100],"ix":6}},"ao":0,"shapes":[{"d":1,"ty":"el","s":{"a":1,"k":[{"i":{"x":[0.833,0.833],"y":[0.833,0.833]},"o":{"x":[0.167,0.167],"y":[0.167,0.167]},"t":0,"s":[244,244]},{"t":50,"s":[459,459]}],"ix":2},"p":{"a":0,"k":[0,0],"ix":3},"nm":"ÃÂÃÂ¾ÃÂ½ÃÂÃÂÃÂ ÃÂÃÂ»ÃÂ»ÃÂ¸ÃÂ¿ÃÂÃÂ° 1","mn":"ADBE Vector Shape - Ellipse","hd":false},{"ty":"st","c":{"a":0,"k":[0.286274522543,0.427450984716,0.858823537827,1],"ix":3},"o":{"a":1,"k":[{"i":{"x":[0.833],"y":[0.833]},"o":{"x":[0.167],"y":[0.167]},"t":0,"s":[100]},{"i":{"x":[0.833],"y":[0.833]},"o":{"x":[0.167],"y":[0.167]},"t":30,"s":[80]},{"t":50,"s":[1]}],"ix":4},"w":{"a":0,"k":8,"ix":5},"lc":1,"lj":1,"ml":4,"bm":0,"nm":"ÃÂÃÂ±ÃÂ²ÃÂ¾ÃÂ´ÃÂºÃÂ° 1","mn":"ADBE Vector Graphic - Stroke","hd":false}],"ip":0,"op":60,"st":0,"bm":0}],"markers":[]}